{
  "best_model": "logistic_regression",
  "models": {
    "logistic_regression": {
      "best_params": {
        "classifier__C": 0.1,
        "classifier__solver": "liblinear"
      },
      "cross_val_roc_auc_mean": 0.9052061272061271,
      "cross_val_roc_auc_std": 0.052765666032675636,
      "test_metrics": {
        "accuracy": 0.85,
        "precision": 0.88,
        "recall": 0.7857142857142857,
        "f1": 0.8301886792452831,
        "roc_auc": 0.9408482142857143
      }
    },
    "random_forest": {
      "best_params": {
        "classifier__max_depth": 8,
        "classifier__min_samples_split": 2,
        "classifier__n_estimators": 200
      },
      "cross_val_roc_auc_mean": 0.9004242424242423,
      "cross_val_roc_auc_std": 0.05627058630373686,
      "test_metrics": {
        "accuracy": 0.85,
        "precision": 0.8518518518518519,
        "recall": 0.8214285714285714,
        "f1": 0.8363636363636363,
        "roc_auc": 0.9319196428571428
      }
    }
  }
}